姓名,部门,职位,薪资类型,底薪,考勤扣款,提成,应发工资,五险一金,个税,实发工资
王芳,财务部,财务经理,FIXED,15000.0,722.7,0.0,14277.3,2855.46,432.18,10989.66
张伟,技术部,技术总监,FIXED,25000.0,1149.43,0.0,23850.57,4770.11,1406.09,17674.37
李强,技术部,高级开发工程师,FIXED,18000.0,2482.76,0.0,15517.24,3103.45,531.38,11882.41
刘洋,技术部,高级开发工程师,FIXED,18000.0,2482.76,0.0,15517.24,3103.45,531.38,11882.41
陈杰,技术部,后端开发工程师,FIXED,15000.0,706.9,0.0,14293.1,2858.62,433.45,11001.03
杨帆,技术部,前端开发工程师,FIXED,14000.0,73.75,0.0,13926.25,2785.25,404.1,10736.9
赵磊,技术部,后端开发工程师,FIXED,15000.0,21.55,0.0,14978.45,2995.69,488.28,11494.48
周敏,技术部,测试工程师,FIXED,12000.0,0.0,0.0,12000.0,2400.0,250.0,9350.0
吴婷,技术部,产品经理,FIXED,16000.0,0.0,0.0,16000.0,3200.0,570.0,12230.0
郑浩,技术部,运维工程师,FIXED,14000.0,759.0,0.0,13241.0,2648.2,349.28,10243.52
孙磊,技术部,前端开发工程师,FIXED,13000.0,1793.1,0.0,11206.9,2241.38,186.55,8778.97
冯雪,销售部,销售经理,SALES,8000.0,0.0,18000.0,26000.0,5200.0,1750.0,19050.0
蒋涛,销售部,销售专员,SALES,5000.0,0.0,7500.0,12500.0,2500.0,290.0,9710.0
韩梅,销售部,销售专员,SALES,5500.0,0.0,11500.0,17000.0,3400.0,650.0,12950.0
曹阳,销售部,销售专员,SALES,5000.0,0.0,2550.0,7550.0,1510.0,31.2,6008.8
彭丽,销售部,销售专员,SALES,5200.0,0.0,6000.0,11200.0,2240.0,186.0,8774.0
董强,销售部,销售专员,SALES,5000.0,0.0,1800.0,6800.0,1360.0,13.2,5426.8
梁宇,销售部,销售专员,SALES,5500.0,0.0,9500.0,15000.0,3000.0,490.0,11510.0
苏蕾,销售部,销售专员,SALES,5000.0,0.0,1350.0,6350.0,1270.0,2.4,5077.6
高翔,销售部,销售专员,SALES,4800.0,0.0,900.0,5700.0,1140.0,0.0,4560.0
林静,销售部,销售专员,SALES,5200.0,0.0,2940.0,8140.0,1628.0,45.36,6466.64
